-- phpMyAdmin SQL Dump
-- version 5.2.1
-- https://www.phpmyadmin.net/
--
-- Хост: 127.0.0.1:3306
-- Время создания: Дек 07 2025 г., 14:24
-- Версия сервера: 8.3.0
-- Версия PHP: 8.2.18

SET SQL_MODE = "NO_AUTO_VALUE_ON_ZERO";
START TRANSACTION;
SET time_zone = "+00:00";


/*!40101 SET @OLD_CHARACTER_SET_CLIENT=@@CHARACTER_SET_CLIENT */;
/*!40101 SET @OLD_CHARACTER_SET_RESULTS=@@CHARACTER_SET_RESULTS */;
/*!40101 SET @OLD_COLLATION_CONNECTION=@@COLLATION_CONNECTION */;
/*!40101 SET NAMES utf8mb4 */;

--
-- База данных: `tal`
--

-- --------------------------------------------------------

--
-- Структура таблицы `message`
--

DROP TABLE IF EXISTS `message`;
CREATE TABLE IF NOT EXISTS `message` (
  `id` int NOT NULL AUTO_INCREMENT,
  `sender_id` int NOT NULL,
  `receiver_id` int NOT NULL,
  `message` text NOT NULL,
  `created_at` timestamp NOT NULL DEFAULT CURRENT_TIMESTAMP,
  PRIMARY KEY (`id`)
) ENGINE=MyISAM DEFAULT CHARSET=utf8mb4 COLLATE=utf8mb4_0900_ai_ci;

-- --------------------------------------------------------

--
-- Структура таблицы `posts`
--

DROP TABLE IF EXISTS `posts`;
CREATE TABLE IF NOT EXISTS `posts` (
  `id` int NOT NULL AUTO_INCREMENT,
  `title` varchar(255) NOT NULL,
  `description` varchar(255) NOT NULL,
  `category` varchar(50) NOT NULL,
  `delivery` varchar(20) NOT NULL,
  `price` decimal(8,2) NOT NULL,
  `image` varchar(255) NOT NULL,
  `rating` decimal(2,1) NOT NULL DEFAULT '0.0',
  `count` int NOT NULL,
  `user_id` int NOT NULL,
  PRIMARY KEY (`id`),
  KEY `user_id` (`user_id`)
) ENGINE=MyISAM AUTO_INCREMENT=15 DEFAULT CHARSET=utf8mb4 COLLATE=utf8mb4_0900_ai_ci;

--
-- Дамп данных таблицы `posts`
--

INSERT INTO `posts` (`id`, `title`, `description`, `category`, `delivery`, `price`, `image`, `rating`, `count`, `user_id`) VALUES
(1, 'Серебряное кольцо с кристаллом', 'Ручная работа, уникальный дизайн, идеальный подарок.', 'jewelry', '1-3', 45.00, 'img_69357d23eb645.jpg', 4.4, 5, 1),
(2, 'Вязаный свитер из шерсти', 'Тёплый и мягкий, ручная вязка, натуральная шерсть.', 'clothes', '7', 60.00, 'img_69357d4fb6bf2.jpg', 4.4, 5, 1),
(3, 'Деревянная шкатулка', 'Резьба вручную, лаконичный дизайн, для хранения украшений.', 'wood', '1-3', 35.00, 'img_69357d7d1870c.jpg', 4.0, 3, 1),
(4, 'Картина акрилом \"Закат\"', 'Яркие краски, авторская работа, холст 40x60 см.', 'art', '7', 80.00, 'img_69357da769c5e.jpg', 4.0, 3, 1),
(5, 'Керамическая кружка с ручкой', 'Ручная роспись, уникальный принт, подходит для кофе и чая.', 'ceramics', 'today', 20.00, 'img_69357dd2cce6f.jpg', 3.7, 3, 1),
(6, 'Натуральное мыло с ароматом лаванды', 'Ручная работа, мягкое и увлажняющее, 100% натуральные ингредиенты.', 'cosmetics', '1-3', 8.00, 'img_69357e49ac5de.jpg', 4.0, 3, 3),
(7, 'Подарочный набор \"Чайная церемония\"', 'Керамическая чашка + набор травяного чая, красиво упаковано.', 'gifts', '7', 30.00, 'img_69357e7633e77.jpg', 3.7, 3, 3),
(8, 'Браслет из натуральных камней', 'Энергетические камни, ручная сборка, регулируемый размер.', 'jewelry', '1-3', 25.00, 'img_69357e96b08fa.jpg', 4.0, 3, 3),
(9, 'Домашняя выпечка: шоколадные кексы', 'Свежая, мягкая текстура, только натуральные ингредиенты.', 'food', 'today', 15.00, 'img_69357ebc6fd7b.jpg', 4.3, 4, 3),
(10, 'Декоративная подушка с вышивкой', 'Ручная вышивка, 100% хлопок, добавит уюта вашему дому.', 'decor', '7', 22.00, 'img_69357ed7963be.jpg', 3.7, 3, 3),
(11, 'Кухонная доска из дуба', 'Натуральное дерево, уникальная текстура, ручная обработка.', 'wood', '1-3', 40.00, 'img_693580575df01.jpg', 4.0, 3, 10),
(12, 'Ручная сумка из кожи', 'Минималистичный дизайн, натуральная кожа, долговечная.', 'clothes', '7', 120.00, 'img_6935808908c46.jpg', 4.7, 3, 10),
(13, 'Картина маслом \"Горы\"', 'Авторская работа, холст 50x70 см, уникальный подарок.', 'art', '7', 150.00, 'img_693580abdac99.jpg', 4.8, 5, 10),
(14, 'Мыло ручной работы с медом', 'Натуральный состав, мягкое и увлажняющее, красивый аромат.', 'art', 'today', 10.00, 'img_693580d855fbc.jpg', 3.7, 3, 10);

-- --------------------------------------------------------

--
-- Структура таблицы `reviews`
--

DROP TABLE IF EXISTS `reviews`;
CREATE TABLE IF NOT EXISTS `reviews` (
  `id` bigint UNSIGNED NOT NULL AUTO_INCREMENT,
  `post_id` int UNSIGNED NOT NULL,
  `user_id` int UNSIGNED NOT NULL,
  `rating` tinyint NOT NULL,
  `comment` text,
  `created_at` timestamp NULL DEFAULT CURRENT_TIMESTAMP,
  PRIMARY KEY (`id`),
  KEY `post_id` (`post_id`),
  KEY `user_id` (`user_id`)
) ENGINE=MyISAM AUTO_INCREMENT=50 DEFAULT CHARSET=utf8mb4 COLLATE=utf8mb4_0900_ai_ci;

--
-- Дамп данных таблицы `reviews`
--

INSERT INTO `reviews` (`id`, `post_id`, `user_id`, `rating`, `comment`, `created_at`) VALUES
(1, 1, 1, 5, 'Прекрасное кольцо! Камень сверкает как на фото.', '2025-12-07 14:06:03'),
(2, 1, 3, 4, 'Красиво сделано, но немного маловат размер.', '2025-12-07 14:06:03'),
(3, 1, 10, 5, 'Уникальный дизайн, получила много комплиментов.', '2025-12-07 14:06:03'),
(4, 1, 3, 3, 'Кольцо красивое, но доставка заняла много времени.', '2025-12-07 14:06:03'),
(5, 1, 10, 5, 'Отличный подарок, все друзья оценили!', '2025-12-07 14:06:03'),
(6, 2, 1, 5, 'Очень тёплый и мягкий свитер, шерсть приятная.', '2025-12-07 14:06:03'),
(7, 2, 3, 4, 'Ручная вязка видна, качество супер.', '2025-12-07 14:06:03'),
(8, 2, 10, 5, 'Подошёл идеально, рекомендую.', '2025-12-07 14:06:03'),
(9, 2, 1, 3, 'Немного колется, но носить можно.', '2025-12-07 14:06:03'),
(10, 2, 3, 5, 'Люблю ручную вязку, качество топ!', '2025-12-07 14:06:03'),
(11, 3, 3, 5, 'Классная шкатулка, дерево качественное.', '2025-12-07 14:06:03'),
(12, 3, 10, 3, 'Красиво, но запах лака немного сильный.', '2025-12-07 14:06:03'),
(13, 3, 1, 4, 'Хорошо для украшений.', '2025-12-07 14:06:03'),
(14, 4, 10, 5, 'Яркие краски, восторг!', '2025-12-07 14:06:03'),
(15, 4, 1, 3, 'Красиво, но угол помят при доставке.', '2025-12-07 14:06:03'),
(16, 4, 3, 4, 'В целом классно, оттенки красивые.', '2025-12-07 14:06:03'),
(17, 5, 1, 5, 'Роспись отличная.', '2025-12-07 14:06:03'),
(18, 5, 3, 4, 'Кружка красивая, но немного тяжеловата.', '2025-12-07 14:06:03'),
(19, 5, 10, 2, 'Не совсем то, что ожидал.', '2025-12-07 14:06:03'),
(20, 6, 3, 5, 'Мыло мягкое, кожа после него нежная.', '2025-12-07 14:06:03'),
(21, 6, 10, 4, 'Запах приятный, натуральное.', '2025-12-07 14:06:03'),
(22, 6, 1, 3, 'Хорошо, но хотелось бы побольше аромата.', '2025-12-07 14:06:03'),
(23, 7, 10, 5, 'Стильный набор, понравился друзьям.', '2025-12-07 14:06:03'),
(24, 7, 1, 4, 'Чай вкусный, кружка красивая.', '2025-12-07 14:06:03'),
(25, 7, 3, 2, 'Хотелось бы больше чаёв в наборе.', '2025-12-07 14:06:03'),
(26, 8, 3, 5, 'Камни красивые, браслет лёгкий.', '2025-12-07 14:06:03'),
(27, 8, 1, 4, 'Регулируется легко, качество супер.', '2025-12-07 14:06:03'),
(28, 8, 10, 3, 'Немного тесноват.', '2025-12-07 14:06:03'),
(29, 9, 1, 5, 'Кексы свежие, вкусные.', '2025-12-07 14:06:03'),
(30, 9, 3, 4, 'Очень вкусно, но хотелось бы побольше шоколада.', '2025-12-07 14:06:03'),
(31, 9, 10, 3, 'Немного суховаты.', '2025-12-07 14:06:03'),
(32, 9, 1, 5, 'Идеальная домашняя выпечка, рекомендую.', '2025-12-07 14:06:03'),
(33, 10, 3, 5, 'Подушка мягкая, вышивка красивая.', '2025-12-07 14:06:03'),
(34, 10, 10, 4, 'Качество хорошее, ткань приятная.', '2025-12-07 14:06:03'),
(35, 10, 1, 2, 'Немного меньше, чем ожидал.', '2025-12-07 14:06:03'),
(36, 11, 10, 5, 'Доска качественная, дерево плотное.', '2025-12-07 14:06:03'),
(37, 11, 1, 4, 'Использую каждый день.', '2025-12-07 14:06:03'),
(38, 11, 3, 3, 'Доска хорошая, но хотелось бы тоньше.', '2025-12-07 14:06:03'),
(39, 12, 1, 5, 'Сумка стильная, кожа качественная.', '2025-12-07 14:06:03'),
(40, 12, 3, 5, 'Очень довольна покупкой, вместительная.', '2025-12-07 14:06:03'),
(41, 12, 10, 4, 'Красивый минимализм, подходит ко всему.', '2025-12-07 14:06:03'),
(42, 13, 3, 5, 'Шикарная картина, яркие краски и детали.', '2025-12-07 14:06:03'),
(43, 13, 10, 5, 'Идеально вписалась в интерьер.', '2025-12-07 14:06:03'),
(44, 13, 1, 4, 'Красиво, но ожидал чуть больше размера.', '2025-12-07 14:06:03'),
(45, 13, 3, 5, 'Настоящая находка для коллекции.', '2025-12-07 14:06:03'),
(46, 13, 10, 5, 'Доставили быстро, работа превосходная.', '2025-12-07 14:06:03'),
(47, 14, 10, 5, 'Мыло мягкое, запах меда приятный, натуральное.', '2025-12-07 14:06:03'),
(48, 14, 1, 4, 'Хорошо увлажняет кожу.', '2025-12-07 14:06:03'),
(49, 14, 3, 2, 'Запах не слишком насыщенный.', '2025-12-07 14:06:03');

-- --------------------------------------------------------

--
-- Структура таблицы `users`
--

DROP TABLE IF EXISTS `users`;
CREATE TABLE IF NOT EXISTS `users` (
  `id` int NOT NULL AUTO_INCREMENT,
  `username` varchar(255) NOT NULL,
  `email` varchar(100) NOT NULL,
  `password` varchar(255) NOT NULL,
  `is_active` tinyint(1) DEFAULT '0',
  `activation_code` varchar(100) DEFAULT NULL,
  `created_at` timestamp NULL DEFAULT CURRENT_TIMESTAMP,
  PRIMARY KEY (`id`),
  UNIQUE KEY `email` (`email`)
) ENGINE=MyISAM AUTO_INCREMENT=11 DEFAULT CHARSET=utf8mb4 COLLATE=utf8mb4_0900_ai_ci;

--
-- Дамп данных таблицы `users`
--

INSERT INTO `users` (`id`, `username`, `email`, `password`, `is_active`, `activation_code`, `created_at`) VALUES
(1, 'Иван', 'uzvenko27@gmail.com', '$2y$10$ABV4ZgrGuh6WE08P2mm/x.48Dyuror3W8YB0pHlC4uSRMhrOVvv0W', 1, NULL, '2025-11-11 18:20:44'),
(3, 'Олежа', 'uzvenkoivan49@gmail.com', '$2y$10$OIi64eNZKqCHzI1n9s109u12LzSHkBd2ow8ywRvPoKriGIuiuuxd.', 1, NULL, '2025-11-12 20:24:10'),
(10, 'Ян', 'uzvenko_pk@uoggmk.by', '$2y$10$ZAht.z2HeTPhiyRWSHDWreBPBhyz85BQNZVYrlSpp0AQClqhkUDlC', 1, NULL, '2025-12-07 13:24:13');
COMMIT;

/*!40101 SET CHARACTER_SET_CLIENT=@OLD_CHARACTER_SET_CLIENT */;
/*!40101 SET CHARACTER_SET_RESULTS=@OLD_CHARACTER_SET_RESULTS */;
/*!40101 SET COLLATION_CONNECTION=@OLD_COLLATION_CONNECTION */;
